date,state,age,gender,status,source,accident,defense,defense3,mass
12-11-2015,Houston,48,16,Male,Injured,http://www.khou.com/story/news/crime/2015/12/11/hpd-16-year-old-shot-while-playing-guns/77137128/,FALSE,TRUE,FALSE,FALSE,FALSE,FALSE,FALSE
12-10-2015,San Antonio,48,,Male,Injured,http://www.ksat.com/news/intruder-shoots-self-in-scuffle-with-homeowner,FALSE,TRUE,FALSE,FALSE,FALSE,FALSE,FALSE
12-10-2015,Houston,48,16,Male,Injured,http://www.12newsnow.com/story/30723770/houston-police-16-year-old-shot-while-playing-with-guns,FALSE,TRUE,FALSE,FALSE,FALSE,FALSE,FALSE
12-8-2015,Staten Island,36,61,Male,Injured,http://www.silive.com/news/index.ssf/2015/12/cops_stapleton_man_61_accident.html,FALSE,TRUE,FALSE,FALSE,FALSE,FALSE,FALSE
12-8-2015,Huntsville,1,,Female,Injured,http://www.waff.com/story/30700396/teen-wounded-in-accidental-shooting-at-rec-center,FALSE,TRUE,FALSE,FALSE,FALSE,FALSE,FALSE
12-8-2015,Springfield,25,,Male,Injured,http://www.masslive.com/news/index.ssf/2015/12/court_officer_shows_up_at_spri.html#incart_river_index,FALSE,TRUE,FALSE,FALSE,FALSE,FALSE,FALSE
12-8-2015,Jackson,47,,Male,Injured,"http://www.wbbjtv.com/news/local/Police-Victim-with-gunshot-wound-to-hand-transported-to-hospital-360986421.html
http://www.wbbjtv.com/2015/12/10/man-faces-false-report-charge-after-gunshot-wound-claim/",FALSE,TRUE,FALSE,FALSE,FALSE,FALSE,FALSE
12-3-2015,Niagara Falls,36,30,Male,Injured,http://www.buffalonews.com/city-region/police-blotter/niagara-falls-police-skeptical-of-how-man-was-wounded-20151208,FALSE,TRUE,FALSE,TRUE,FALSE,FALSE,FALSE
12-7-2015,Chicago,17,17,Male,Injured,http://www.dnainfo.com/chicago/20151208/grand-crossing/man-breaks-into-ex-wifes-house-shoots-her-her-brother-city-roundup,FALSE,TRUE,FALSE,FALSE,FALSE,FALSE,FALSE
12-6-2015,Easton,25,60,Male,Injured,http://www.enterprisenews.com/article/20151208/NEWS/151206842/12741/NEWS,FALSE,TRUE,FALSE,FALSE,FALSE,FALSE,FALSE
12-7-2015,Salt Lake City,49,,Male,Injured,http://www.deseretnews.com/article/865643198/Man-absent-mindedly-loads-gun-shoots-self-in-leg-police-say.html?pg=all,FALSE,TRUE,FALSE,FALSE,FALSE,FALSE,FALSE
12-5-2015,Stockton,6,15,Male,Injured,http://www.kcra.com/news/local-news/news-stockton/police-boy-3-shoots-brother-with-chp-officers-gun/36840002,FALSE,TRUE,FALSE,FALSE,FALSE,FALSE,FALSE
12-6-2015,Willet,36,24,Male,Injured,"http://www.syracuse.com/crime/index.ssf/2015/12/police_man_shot_by_another_hunter_in_cortland_county.html#incart_river_home
http://www.pressconnects.com/story/news/2015/12/08/man-shot-fellow-hunter-released-hospital/76997850/",FALSE,TRUE,FALSE,FALSE,FALSE,FALSE,FALSE
12-5-2015,Stockton,6,15,Male,Injured,http://fox40.com/2015/12/05/stockton-teen-shot-in-foot-by-3-year-old-sibling/,FALSE,TRUE,FALSE,FALSE,FALSE,FALSE,FALSE
12-6-2015,New Orleans,22,4,Male,Injured,"http://www.wdsu.com/news/local-news/new-orleans/4yearold-boy-accidentally-shoots-himself-inside-new-orleans-east-home-police-say/36828292
http://www.nola.com/crime/index.ssf/2015/12/toddler_shoots_self_in_neck_in.html",FALSE,TRUE,FALSE,FALSE,FALSE,FALSE,FALSE
12-6-2015,Cincinnati,39,,Male,Injured,http://www.cincinnati.com/story/news/crime/2015/12/06/police-investigate-possible-accident-shooting/76893842/,FALSE,TRUE,FALSE,FALSE,FALSE,FALSE,FALSE
12-6-2015,Syracuse,36,25,Male,Injured,http://www.syracuse.com/crime/index.ssf/2015/12/syracuse_police_investigate_3_shootings_in_2_hours.html#incart_m-rpt-1,FALSE,TRUE,FALSE,FALSE,FALSE,FALSE,FALSE
12-5-2015,Buffalo,36,,Male,Injured,http://www.buffalonews.com/city-region/victim-of-atempted-holdup-struck-with-gun-20151205,FALSE,TRUE,FALSE,FALSE,FALSE,FALSE,FALSE
12-5-2015,Moorhead,27,,Male,Injured,http://www.inforum.com/news/3897578-man-injured-apparent-accidental-shooting-moorhead,FALSE,TRUE,FALSE,FALSE,FALSE,FALSE,FALSE
12-5-2015,Atlanta,13,4,Male,Injured,"http://www.ajc.com/news/news/crime-law/child-shot-at-dekalb-county-apartment-complex-in-c/npc2k/
http://www.wsbtv.com/news/news/local/child-shot-parking-lot-southeast-atlanta/npc2g/
http://www.wsbtv.com/news/news/local/family-4-year-old-hit-stray-bullet-asks-prayers/npdzf/",FALSE,TRUE,FALSE,FALSE,FALSE,FALSE,FALSE
12-5-2015,Dayton,39,7,Male,Injured,http://www.whio.com/news/news/crime-law/dayton-police-respond-to-shooting-on-hulbert-ave/npcxF/,FALSE,TRUE,FALSE,FALSE,FALSE,FALSE,FALSE
12-5-2015,Phoenix,4,,Male,Injured,http://www.kpho.com/story/30675337/pd-man-accidentally-shot-at-phoenix-gun-show,FALSE,TRUE,FALSE,FALSE,FALSE,FALSE,FALSE
12-4-2015,Bexar (county),48,,Male,Injured,http://www.ksat.com/news/sheriffs-invetigating-accidental-shooting-at-gun-range,FALSE,TRUE,FALSE,FALSE,FALSE,FALSE,FALSE
12-3-2015,Boynton Beach,12,,Male,Injured,http://www.sun-sentinel.com/news/palm-beach/boynton-beach/fl-boynton-beach-man-shoots-himself-cleaning-gun-story.html,FALSE,TRUE,FALSE,FALSE,FALSE,FALSE,FALSE
12-2-2015,Barlow,39,54,Male,Injured,http://www.thenewscenter.tv/content/news/Hunter-accidentally-shot-in-hip-in-Barlow--360123291.html,FALSE,TRUE,FALSE,FALSE,FALSE,FALSE,FALSE
12-2-2015,Lowell,39,15,Male,Injured,http://www.thenewscenter.tv/content/news/15-year-old-boy-accidently-shoots-himself-in-the-leg-360160241.html,FALSE,TRUE,FALSE,FALSE,FALSE,FALSE,FALSE
12-2-2015,Fayetteville,5,,Female,Injured,http://5newsonline.com/2015/12/03/fayetteville-man-arrested-after-shooting-woman-in-foot/,FALSE,TRUE,FALSE,FALSE,FALSE,FALSE,FALSE
12-3-2015,Hutchinson,20,18,Male,Injured,http://www.kwch.com/news/local-news/18yearold-man-injured-in-hutchinson-shooting/36788710,FALSE,TRUE,FALSE,FALSE,FALSE,FALSE,FALSE
12-3-2015,Columbus,39,3,Male,Injured,"http://www.dispatch.com/content/stories/local/2015/12/03/Three-year-old-shoots-self.html
http://nbc4i.com/2015/12/03/child-shot-on-east-side-of-columbus/",FALSE,TRUE,FALSE,FALSE,FALSE,FALSE,FALSE
12-1-2015,New Haven,9,22,Male,Injured,"http://www.nhregister.com/general-news/20151202/west-haven-man-shot-in-alleged-new-haven-scuffle-over-cowboy-gun
http://wtnh.com/2015/12/02/new-haven-shooting-under-investigation/",FALSE,TRUE,FALSE,TRUE,FALSE,FALSE,FALSE
12-1-2015,Casper,56,,Male,Injured,http://billingsgazette.com/news/state-and-regional/wyoming/wyoming-woman-charged-for-allegedly-shooting-husband-in-leg/article_52053e7b-90e1-506c-8ea6-b54a53d631ea.html,FALSE,TRUE,FALSE,FALSE,FALSE,FALSE,FALSE
12-2-2015,Dowagiac,26,15,Male,Injured,http://www.leaderpub.com/2015/12/02/teen-grazed-by-bullet-in-accidental-downtown-shooting/,FALSE,TRUE,FALSE,FALSE,FALSE,FALSE,FALSE
12-2-2015,Corona (Queens),36,27,Male,Injured,"http://www.dnainfo.com/new-york/20151202/south-ozone-park/police-shoot-2-men-kill-dog-while-breaking-up-street-fight-queens
http://www.nydailynews.com/new-york/cops-shoot-2-dogs-attack-man-victim-hit-article-1.2452769
http://nypost.com/2015/12/03/cops-kill-dog-accidentally-shoot-brothers-in-wild-melee/",FALSE,TRUE,FALSE,FALSE,FALSE,FALSE,FALSE
11-22-2015,Big Horn (county),56,,Male,Injured,http://trib.com/news/state-and-regional/wyoming-man-shot-in-leg-while-hunting/article_4990e39a-d120-5da0-96f8-e36974dbe887.html,FALSE,TRUE,FALSE,FALSE,FALSE,FALSE,FALSE
11-29-2015,West Sweden,55,16,Male,Injured,http://www.weau.com/home/headlines/16-year-old-flown-to-hospital-after-accidental-shooting-359017601.html,FALSE,TRUE,FALSE,FALSE,FALSE,FALSE,FALSE
11-30-2015,Lexington,21,,Male,Injured,http://www.lex18.com/story/30407352/lexington-man-taken-to-hospital-after-being-shot-in-the-leg,FALSE,TRUE,FALSE,FALSE,FALSE,FALSE,FALSE
11-29-2015,Centralia,53,21,Female,Injured,http://www.komonews.com/news/local/Police-Teen-felon-accidentally-shoots-girlfriend-in-Centralia-359124561.html,FALSE,TRUE,FALSE,FALSE,FALSE,FALSE,FALSE
11-30-2015,Nashville,47,3,Male,Injured,"http://wkrn.com/2015/11/30/4-year-old-shot-at-home-in-south-nashville/
https://www.facebook.com/permalink.php?story_fbid=782466201881977&id=211592555636014",FALSE,TRUE,FALSE,FALSE,FALSE,FALSE,FALSE
2-5-2015,Barboursville,54,30,Male,Injured,"http://www.wsaz.com/news/headlines/Charges-Catch-Up-With-Man-Who-Accidentally-Shot-Himself-290994801.html
http://www.wowktv.com/story/30631638/south-point-man-pleads-guilty-to-unlawful-possession-after-shooting-himself-in-the-foot",FALSE,TRUE,FALSE,FALSE,FALSE,FALSE,FALSE
11-28-2015,Casa Grande,4,14,Female,Injured,"http://www.trivalleycentral.com/casa_grande_dispatch/area_news/girl-suffers-gunshot-wound-at-cg-shooting-range/article_82709b2c-9799-11e5-b923-837caf2fb034.html
https://www.facebook.com/cgpolice/posts/997764740266594",FALSE,TRUE,FALSE,FALSE,FALSE,FALSE,FALSE
11-28-2015,Hudson,18,34,Male,Injured,"http://wishtv.com/2015/11/30/man-shot-in-face-while-deer-hunting-in-steuben-county/
http://www.journalgazette.net/news/local/police-fire/Hunter-shot-as-Steuben-deer-hunt-goes-awry-10216399",FALSE,TRUE,FALSE,FALSE,FALSE,FALSE,FALSE
11-30-2015,Mckeesport,42,25,Female,Injured,"http://www.post-gazette.com/local/south/2015/11/30/Woman-shot-in-McKeesport-pittsburgh/stories/201511300172
http://www.wpxi.com/news/news/local/police-activity-mckeesport/npYZj/",FALSE,TRUE,FALSE,FALSE,FALSE,FALSE,FALSE
11-28-2015,Wilmington,37,,Male,Injured,http://www.wect.com/story/30623728/one-person-shot-after-an-altercation-saturday-afternoon-in-wilmington,FALSE,TRUE,FALSE,FALSE,FALSE,FALSE,FALSE
11-29-2015,Indianapolis,18,,Male,Injured,http://www.dailyjournal.net/view/local_story/Man-accidentally-shoots-self-i_1448845329,FALSE,TRUE,FALSE,FALSE,FALSE,FALSE,FALSE
11-27-2015,Falconer,36,,Male,Injured,http://www.wkbw.com/news/young-boy-shot-while-hunting-in-chautauqua-county,FALSE,TRUE,FALSE,FALSE,FALSE,FALSE,FALSE
11-29-2015,Detroit,26,15,NULL,Injured,http://www.wxyz.com/news/region/detroit/teen-shot-while-playing-with-friend-in-detroit,FALSE,TRUE,FALSE,FALSE,FALSE,FALSE,FALSE
11-29-2015,Everett,53,11,Male,Injured,"http://q13fox.com/2015/11/29/11-year-old-boy-critically-injured-in-everett-shooting-deputies-search-for-sibling/
http://www.kirotv.com/news/news/boy-critically-injured-after-being-shot-sibling/npYNm/
http://www.khq.com/story/30629385/16-year-old-arrested-in-shooting-of-11-year-old-in-everett
http://www.kirotv.com/news/news/teen-accused-shooting-younger-brother-says-he-didn/npYtm/
http://www.heraldnet.com/article/20151204/NEWS01/151209636",FALSE,TRUE,FALSE,FALSE,FALSE,FALSE,FALSE
11-28-2015,Bogart,13,13,Male,Injured,http://onlineathens.com/mobile/2015-11-28/oconee-teen-surgery-after-wounding-himself-while-hunting,FALSE,TRUE,FALSE,FALSE,FALSE,FALSE,FALSE
11-26-2015,Baltic,39,5,Male,Injured,http://www.timesreporter.com/article/20151127/NEWS/151129405,FALSE,TRUE,FALSE,FALSE,FALSE,FALSE,FALSE
11-21-2015,Jefferson,13,,Male,Injured,http://onlineathens.com/blotter/2015-11-27/jackson-county-blotter,FALSE,TRUE,FALSE,FALSE,FALSE,FALSE,FALSE
11-26-2015,Evansville,18,,Female,Injured,"http://www.fox28.com/story/30615299/evansville-police-say-mother-shot-by-son-outside-store
http://www.14news.com/story/30614520/police-teen-accidentally-shoots-mom-in-evansville-parking-lot",FALSE,TRUE,FALSE,FALSE,FALSE,FALSE,FALSE
11-26-2015,Parsippany,34,,Male,Injured,http://www.dailyrecord.com/story/news/local/morris-county/2015/11/27/man-shot-face-while-cleaning-gun-parsippany-cops-say/76451030/,FALSE,TRUE,FALSE,FALSE,FALSE,FALSE,FALSE
11-27-2015,Saint Augustine,12,62,Male,Injured,"http://www.firstcoastnews.com/story/news/local/st-augustine/2015/11/27/st-johns-county-fire-rescue-person-injured-in-accidental-shooting-at-st-augustine-gun-range/76451904/
http://www.news4jax.com/news/accidental-shooting-at-gun-range-injures-one/36683488",FALSE,TRUE,FALSE,FALSE,FALSE,FALSE,FALSE
11-26-2015,Indianapolis,18,,Male,Injured,http://www.indystar.com/story/news/crime/2015/11/26/police-investigating-gunshot-victim-riley-hospital-children/76402768/,FALSE,TRUE,FALSE,FALSE,FALSE,FALSE,FALSE
11-26-2015,Columbia,42,35,Male,Injured,"http://lancasteronline.com/news/local/officers-save-man-s-life-after-accidental-shooting-at-columbia/article_5190df54-952c-11e5-8ce8-2f2c645a14e0.html
http://lancasteronline.com/news/local/man-showing-how-to-clean-gun-accidentally-shot-friend-in/article_0c143a76-9855-11e5-85fa-cf9bd1a12d56.html",FALSE,TRUE,FALSE,FALSE,FALSE,FALSE,FALSE
11-25-2015,Uniontown,42,18,Male,Injured,"http://www.wpxi.com/news/news/18-year-old-man-accidentally-shot-face-friend/npXHN/
http://triblive.com/news/adminpage/9519484-74/chisler-police-gmitter?utm_source=feedburner&utm_medium=feed&utm_campaign=Feed%3A+alltribstories+%28TribLIVE+News%29#axzz3sZJWTNet",FALSE,TRUE,FALSE,FALSE,FALSE,FALSE,FALSE
11-25-2015,Laurel,19,,Male,Injured,http://www.kdlt.com/news/local-news/Man-Suffers-Gunshot-Wound-To-Head-In-Central-Iowa/36670804,FALSE,TRUE,FALSE,FALSE,FALSE,FALSE,FALSE
11-24-2015,Toledo,39,14,Female,Injured,http://www.tamatoledonews.com/page/content.detail/id/550888/Two-injured-by-accidental-gunshot-in-Toledo.html?nav=5010,FALSE,TRUE,FALSE,FALSE,FALSE,FALSE,FALSE
11-24-2015,Toledo,39,,NULL,Injured,http://www.tamatoledonews.com/page/content.detail/id/550888/Two-injured-by-accidental-gunshot-in-Toledo.html?nav=5010,FALSE,TRUE,FALSE,FALSE,FALSE,FALSE,FALSE
11-26-2015,Elliston,51,13,Male,Injured,"http://wsls.com/2015/11/26/13-year-old-male-accidentally-shoots-self-in-elliston-home/
http://www.wdbj7.com/news/local/child-flown-to-the-hospital-after-accidental-shooting-in-montgomery-county/36673580",FALSE,TRUE,FALSE,FALSE,FALSE,FALSE,FALSE
11-25-2015,Colchester,9,14,Male,Injured,http://www.nbcconnecticut.com/news/local/Teen-Shot-in-Hunting-Related-Shooting-in-Colchester-354019341.html,FALSE,TRUE,FALSE,FALSE,FALSE,FALSE,FALSE
11-24-2015,Limerick,23,42,Female,Injured,"http://bangordailynews.com/2015/11/25/news/york/bullet-fragments-hit-friend-after-woman-attempts-to-shoot-coyote-in-limerick/
http://www.pressherald.com/2015/11/25/limerick-woman-trying-to-shoot-coyote-accidentally-fires-gun-injures-friend/",FALSE,TRUE,FALSE,FALSE,FALSE,FALSE,FALSE
11-23-2015,Marion,39,13,Male,Injured,http://www.marionstar.com/story/news/local/2015/11/25/police-child-recovering-after-shooting/76382482/,FALSE,TRUE,FALSE,FALSE,FALSE,FALSE,FALSE
11-23-2015,Brown (county),18,28,Male,Injured,http://www.bcdemocrat.com/index.php?id=17881,FALSE,TRUE,FALSE,FALSE,FALSE,FALSE,FALSE
11-20-2015,Sikeston,29,,Male,Injured,http://www.standard-democrat.com/story/2253608.html,FALSE,TRUE,FALSE,FALSE,FALSE,FALSE,FALSE
11-24-2015,Baton Rouge,22,19,Female,Injured,http://theadvocate.com/news/14091137-34/woman-found-shot-critically-wounded,FALSE,TRUE,FALSE,FALSE,FALSE,FALSE,FALSE
11-24-2015,Raleigh,37,7,Male,Injured,http://www.wral.com/child-hospitalized-after-raleigh-shooting/15134440/,FALSE,TRUE,FALSE,FALSE,FALSE,FALSE,FALSE
11-23-2015,Newark,34,,Male,Injured,http://www.newarkadvocate.com/story/news/local/2015/11/24/accidental-shooting-newark-ohio/76308738/?from=global&sessionKey=&autologin=,FALSE,TRUE,FALSE,FALSE,FALSE,FALSE,FALSE
11-21-2015,Conway,5,42,Male,Injured,http://www.arkansasonline.com/news/2015/nov/23/1-injured-weekend-shooting-conway-residence/?latest,FALSE,TRUE,FALSE,FALSE,FALSE,FALSE,FALSE
11-23-2015,Chicago,17,20,Male,Injured,http://www.dnainfo.com/chicago/20151124/portage-park/1-dead-6-wounded-shootings-since-monday-police-say,FALSE,TRUE,FALSE,FALSE,FALSE,FALSE,FALSE
11-22-2015,Gilbertsville (New Hanover Twp),42,,Male,Injured,"http://www.readingeagle.com/news/article/accidental-shooting-under-investigation-in-montgomery-county-officials-say
http://www.readingeagle.com/news/article/off-duty-officer-accidentally-shot-himself-in-new-hanover-township-police-say",FALSE,TRUE,FALSE,FALSE,FALSE,FALSE,FALSE
11-21-2015,Sequatchie (county),47,17,Male,Injured,http://www.wrcbtv.com/story/30586948/17-year-old-in-serious-condition-after-shooting-in-sequatchie-county,FALSE,TRUE,FALSE,FALSE,FALSE,FALSE,FALSE
11-21-2015,Rock (county),55,16,Male,Injured,http://lacrossetribune.com/news/local/state-and-regional/one-shot-at-least-four-dead-in-opening-weekend-incidents/article_8473bb79-c68e-50b7-9d73-96e419332284.html,FALSE,TRUE,FALSE,FALSE,FALSE,FALSE,FALSE
11-23-2015,Oceanside,6,,Male,Injured,http://www.sandiegouniontribune.com/news/2015/nov/23/police-investigate-apparent-accidental-shooting/,FALSE,TRUE,FALSE,FALSE,FALSE,FALSE,FALSE
11-21-2015,Ridgway,42,58,Male,Injured,http://pittsburgh.cbslocal.com/2015/11/23/state-police-bear-hunter-shoots-self-in-foot-in-vehicle/,FALSE,TRUE,FALSE,FALSE,FALSE,FALSE,FALSE
11-8-2015,Mesa (county),8,,NULL,Injured,http://www.gjsentinel.com/news/articles/blotter-nov-11-2015,FALSE,TRUE,FALSE,FALSE,FALSE,FALSE,FALSE
11-21-2015,Lehighton,42,42,Male,Injured,http://www.mcall.com/news/breaking/mc-c-shooting-carbon-county-20151122-story.html,FALSE,TRUE,FALSE,FALSE,FALSE,FALSE,FALSE
11-22-2015,Stratford (Emmet),55,26,Male,Injured,"http://wsau.com/news/articles/2015/nov/22/one-hunter-seriously-injured-in-hunting-accident-near-stratford/
http://www.wausaudailyherald.com/story/news/local/2015/11/23/dnr-hunter-stable-condition-after-shooting/76251942/",FALSE,TRUE,FALSE,FALSE,FALSE,FALSE,FALSE
11-21-2015,Drifting,42,,NULL,Injured,http://www.wearecentralpa.com/news/hunter-flown-to-hospital,FALSE,TRUE,FALSE,FALSE,FALSE,FALSE,FALSE
11-21-2015,Cleveland,39,27,Male,Injured,http://www.cleveland.com/metro/index.ssf/2015/11/cleveland_police_investigating_55.html,FALSE,TRUE,FALSE,FALSE,FALSE,FALSE,FALSE
11-21-2015,Humble (Atascocita),48,16,Male,Injured,"http://www.khou.com/story/news/local/2015/11/21/teen-accidentally-shot-in-atascocita/76189418/
http://abc13.com/news/juvenile-hospitalized-after-being-shot-in-atascocita-home/1094559/",FALSE,TRUE,FALSE,FALSE,FALSE,FALSE,FALSE
11-21-2015,Arkwright,36,33,Male,Injured,"http://www.buffalonews.com/city-region/chautauqua-county/hunter-shot-in-chautauqua-county-20151121
http://www.buffalonews.com/city-region/chautauqua-county/buffalo-man-shot-while-hunting-in-chautauqua-county-20151121",FALSE,TRUE,FALSE,FALSE,FALSE,FALSE,FALSE
11-20-2015,Savannah,13,20,Male,Injured,http://scmpd.org/east-54th-street-shooting-accidental/,FALSE,TRUE,FALSE,FALSE,FALSE,FALSE,FALSE
11-19-2015,Lubbock,48,2,NULL,Injured,"http://www.ktre.com/story/30564098/2-year-old-boy-critically-injured-in-shooting-accident
http://lubbockonline.com/local-news/2015-11-20/sheriffs-office-2-year-olds-gunshot-wound-may-have-been-self-inflicted#.VlB0o0LZjzI",FALSE,TRUE,FALSE,FALSE,FALSE,FALSE,FALSE
11-20-2015,Lubbock (county),48,2,Male,Injured,"http://www.kcbd.com/story/30564098/2-year-old-boy-critically-injured-in-shooting-accident
http://www.everythinglubbock.com/news/breaking-news/lpd-lso-respond-to-report-of-child-shot-multiple-times",FALSE,TRUE,FALSE,FALSE,FALSE,FALSE,FALSE
11-18-2015,Albuquerque,35,,Male,Injured,"http://www.koat.com/news/tomasita-elementary-kennedy-middle-under-lockdown/36525196
http://krqe.com/2015/11/18/robbery-suspect-shoots-accomplice-in-northeast-albuquerque/",FALSE,TRUE,FALSE,FALSE,FALSE,FALSE,FALSE
11-17-2015,Portland,18,15,Male,Injured,http://fox59.com/2015/11/18/teen-accidentally-shot-by-friend-while-hunting-deer-in-jay-county/,FALSE,TRUE,FALSE,FALSE,FALSE,FALSE,FALSE
11-19-2015,New Orleans,22,19,NULL,Injured,"http://www.nola.com/crime/index.ssf/2015/11/man_shot_in_eastern_new_orlean_23.html
http://www.nola.com/crime/index.ssf/2015/11/victim_in_schindler_drive_shoo.html",FALSE,TRUE,FALSE,FALSE,FALSE,FALSE,FALSE
11-19-2015,St. Albans,54,,Male,Injured,"http://www.wvgazettemail.com/article/20151119/GZ01/151119432
http://www.wsaz.com/news/headlines/Man-Accidentally-Shot-Twice-by-Coworker-351773401.html",FALSE,TRUE,FALSE,FALSE,FALSE,FALSE,FALSE
11-19-2015,Indianapolis,18,,NULL,Injured,http://fox59.com/2015/11/19/person-shot-on-citys-near-west-side/,FALSE,TRUE,FALSE,FALSE,FALSE,FALSE,FALSE
11-18-2015,Colorado Springs,8,62,Male,Injured,"http://fox21news.com/2015/11/19/police-man-accidentally-shoots-self-in-leg-in-southeastern-colorado-springs/
http://www.springsgov.com/units/police/policeblotter.asp",FALSE,TRUE,FALSE,FALSE,FALSE,FALSE,FALSE
11-18-2015,Catawba (county),37,19,Male,Injured,"http://www.wsoctv.com/news/news/local/man-injured-after-accidentally-shooting-self-shoot/npQjP/
http://www.hickoryrecord.com/news/man-accidentally-shoots-himself-in-chest/article_0db325e8-8ed4-11e5-abe8-9b25bd9c8682.html",FALSE,TRUE,FALSE,FALSE,FALSE,FALSE,FALSE
11-16-2015,Monterey (county),6,,NULL,Injured,https://www.montereysheriff.org/mcsologs/DPL.PDF,FALSE,TRUE,FALSE,FALSE,FALSE,FALSE,FALSE
11-17-2015,Chicago,17,17,Male,Injured,http://www.dnainfo.com/chicago/20151118/south-shore/1-killed-5-wounded-south-side-shootings-since-tuesday-police-say,FALSE,TRUE,FALSE,FALSE,FALSE,FALSE,FALSE
11-14-2015,Lebanon,41,,Male,Injured,http://democratherald.com/news/local/public-safety-log-nov/article_0fbc8eeb-febb-5934-bb22-0d0b971604d1.html,FALSE,TRUE,FALSE,FALSE,FALSE,FALSE,FALSE
11-5-2015,Mansfield,48,,NULL,Injured,http://www.star-telegram.com/news/local/community/mansfield-news-mirror/mnm-news/article45001776.html,FALSE,TRUE,FALSE,FALSE,FALSE,FALSE,FALSE
11-14-2015,Detroit Lakes,27,57,Male,Injured,http://www.grandforksherald.com/news/region/3883877-hunter-accidentally-shot-brother-law-detroit-lakes,FALSE,TRUE,FALSE,FALSE,FALSE,FALSE,FALSE
11-13-2015,Olmsted (county),27,23,Male,Injured,"http://www.kttc.com/story/30528705/2015/11/16/man-injured-in-olmsted-county-hunting-accident
http://kimt.com/2015/11/16/authorities-hunter-accidentally-shoots-foot/",FALSE,TRUE,FALSE,FALSE,FALSE,FALSE,FALSE
11-15-2015,Saint Clair (county),26,30,Male,Injured,http://www.macombdaily.com/lifestyle/20151115/hunter-rushed-to-mount-clemens-hospital-for-self-inflicted-gunshot-wound,FALSE,TRUE,FALSE,FALSE,FALSE,FALSE,FALSE
11-15-2015,Milton,50,26,Male,Injured,http://www.mychamplainvalley.com/news/milton-man-suffers-minor-injuries-from-bullet-while-hunting,FALSE,TRUE,FALSE,FALSE,FALSE,FALSE,FALSE
11-14-2015,Holdingford,27,23,Male,Injured,http://wjon.com/avon-man-hurt-in-hunting-accident/,FALSE,TRUE,FALSE,FALSE,FALSE,FALSE,FALSE
11-15-2015,Calhoun (county),26,21,Male,Injured,http://woodtv.com/2015/11/15/hunter-accidentally-shot-expected-to-survive/,FALSE,TRUE,FALSE,FALSE,FALSE,FALSE,FALSE
11-12-2015,Lincoln,31,22,Male,Injured,http://www.wowt.com/home/headlines/Man-Accidentally-Shoots-Himself-With-Gun-He-Found-349030521.html,FALSE,TRUE,FALSE,FALSE,FALSE,FALSE,FALSE
10-24-2015,Mission,48,3,Male,Injured,"http://www.valleymorningstar.com/news/local_news/article_1f76d78e-7c5a-11e5-9f57-97d57992c484.html
http://www.themonitor.com/news/local/mother-charged-after-toddler-shoots-himself-in-the-chest/article_0ff5fa44-89af-11e5-9494-db43cc0996b8.html",FALSE,TRUE,FALSE,FALSE,FALSE,FALSE,FALSE
11-14-2015,Greene (county),47,63,Female,Injured,"http://wjhl.com/2015/11/14/woman-shot-at-estate-auction-by-someone-handling-gun-for-sale/
http://wjhl.com/2015/11/16/sheriff-woman-accidentally-shot-in-face-at-greene-county-estate-auction/",FALSE,TRUE,FALSE,FALSE,FALSE,FALSE,FALSE
11-13-2015,North Babylon,36,,Female,Injured,http://www.newsday.com/long-island/suffolk/police-north-babylon-woman-accidentally-shoots-herself-1.11121052,FALSE,TRUE,FALSE,FALSE,FALSE,FALSE,FALSE
11-8-2015,Purcellville,51,,Male,Injured,http://www.loudountimes.com/news/article/purcellville_man_accidentally_shoots_himself_in_leg898,FALSE,TRUE,FALSE,FALSE,FALSE,FALSE,FALSE
11-13-2015,Greenwood,22,,Male,Injured,http://www.ktbs.com/story/30512522/pistol-wearing-man-accidentally-shoots-self-while-vacuuming,FALSE,TRUE,FALSE,FALSE,FALSE,FALSE,FALSE
11-11-2015,Killeen,48,15,Male,Injured,"http://www.kwtx.com/home/headlines/UPDATE--Shooting-That-Left-Local-Teen-Hurt-Was-Accidental-347726351.html
http://kdhnews.com/news/crime/shooting-in-north-killeen-leaves-teen-in-serious-condition/article_7cc4f51c-88c9-11e5-a478-6bd57a09e26c.html
http://kdhnews.com/news/breaking_importer/kpd-veterans-day-shooting-an-accident/article_e31e8ec2-8a3b-11e5-b79b-0bef2cb6363b.html
http://kdhnews.com/news/crime/shooting-in-north-killeen-leaves-teen-in-serious-condition/article_7cc4f51c-88c9-11e5-a478-6bd57a09e26c.html",FALSE,TRUE,FALSE,FALSE,FALSE,FALSE,FALSE
11-12-2015,Owls Head,36,56,Male,Injured,"http://www.wcax.com/story/30506425/north-country-man-hospitalized-after-accidental-shooting
http://www.pressrepublican.com/news/local_news/owls-head-hunter-critical-after-accidental-shooting/article_3341fe04-33ad-5bc3-88c9-6c57091bd9e3.html
http://www.wcax.com/story/30538860/ny-hunter-still-critical-after-accidentally-shooting-himself",FALSE,TRUE,FALSE,FALSE,FALSE,FALSE,FALSE
11-12-2015,Malone,36,,NULL,Injured,http://www.pressrepublican.com/news/local_news/police-confirm-accidental-shooting-in-malone/article_627853fa-5206-5bc6-98d5-a3f6775787ab.html,FALSE,TRUE,FALSE,FALSE,FALSE,FALSE,FALSE
11-12-2015,Birmingham,1,15,Male,Injured,http://abc3340.com/news/local/birmingham-police-investigating-shooting-in-wylam,FALSE,TRUE,FALSE,FALSE,FALSE,FALSE,FALSE
11-12-2015,Chicago,17,10,Male,Injured,http://chicago.suntimes.com/crime/7/71/1095501/10-year-old-guarded-condition-shot-8-year-old-relative,FALSE,TRUE,FALSE,FALSE,FALSE,FALSE,FALSE
11-12-2015,Midland,48,16,Male,Injured,http://www.mrt.com/top_stories/article_62c646e4-88f0-11e5-bcbd-bf334fa82564.html#.VkQaihW3Wls.twitter,FALSE,TRUE,FALSE,FALSE,FALSE,FALSE,FALSE
11-7-2015,Colbert,13,,Male,Injured,http://onlineathens.com/mobile/2015-11-10/colbert-man-charged-accidental-shooting-brother,FALSE,TRUE,FALSE,FALSE,FALSE,FALSE,FALSE
11-11-2015,Deltona,12,67,Male,Injured,http://www.news-journalonline.com/article/20151111/NEWS/151119870/101025,FALSE,TRUE,FALSE,FALSE,FALSE,FALSE,FALSE
11-11-2015,Sulphur Rock,5,,Male,Injured,http://www.arkansasonline.com/news/2015/nov/11/student-injured-after-gun-goes-parking-lot/?f=news-arkansas,FALSE,TRUE,FALSE,FALSE,FALSE,FALSE,TRUE
11-10-2015,Windham,9,17,Male,Injured,"http://fox61.com/2015/11/10/state-police-investigate-shooting-in-windham/
http://m.norwichbulletin.com/article/20151118/NEWS/151119587",FALSE,TRUE,FALSE,FALSE,FALSE,FALSE,FALSE
11-9-2015,Fort Calhoun,31,45,Male,Injured,http://siouxcityjournal.com/ap/state/nebraska-hunter-hospitalized-after-being-shot-in-the-leg/article_55092ebc-6568-5f67-ab33-80750aff768b.html,FALSE,TRUE,FALSE,FALSE,FALSE,FALSE,FALSE
10-31-2015,Cortez,8,,Female,Injured,http://www.cortezjournal.com/article/20151109/COMMUNITY01/151109843/Police-blotter-,FALSE,TRUE,FALSE,FALSE,FALSE,FALSE,FALSE
11-8-2015,Litchfield,27,58,Male,Injured,http://minnesota.cbslocal.com/2015/11/08/litchfield-man-58-shot-in-leg-while-deer-hunting/,FALSE,TRUE,FALSE,FALSE,FALSE,FALSE,FALSE
11-9-2015,Baldwin City,20,36,Male,Injured,http://www2.ljworld.com/news/2015/nov/09/bird-hunter-wounded-when-shotgun-accidentally-disc/,FALSE,TRUE,FALSE,FALSE,FALSE,FALSE,FALSE
11-8-2015,Hartland,36,15,Male,Injured,http://www.buffalonews.com/city-region/police-blotter/teen-shot-himself-in-the-foot-in-town-of-hartland-20151109,FALSE,TRUE,FALSE,FALSE,FALSE,FALSE,FALSE
11-8-2015,Hudsonville,26,,Male,Injured,http://whtc.com/news/articles/2015/nov/09/hudsonville-man-accidentally-shoots-himself/,FALSE,TRUE,FALSE,FALSE,FALSE,FALSE,FALSE
11-7-2015,Woodward,40,,Female,Injured,http://www.woodwardnews.net/news/woodward-juvenile-injured-hospitalized/article_caa55fc8-8622-11e5-8d86-7b7d92d2b4b7.html,FALSE,TRUE,FALSE,FALSE,FALSE,FALSE,FALSE
11-8-2015,Calverton,36,63,Male,Injured,http://www.riverheadlocal.com/2015/11/08/man-airlifted-after-accidental-gunshot-wound-at-calverton-hunting-club/,FALSE,TRUE,FALSE,FALSE,FALSE,FALSE,FALSE
11-7-2015,Swift (county),27,36,Male,Injured,http://kstp.com/article/stories/s3956597.shtml,FALSE,TRUE,FALSE,FALSE,FALSE,FALSE,FALSE
11-5-2015,Philadelphia,42,,Male,Injured,http://6abc.com/news/man-injured-in-reported-accidental-west-philadelphia-shooting-/1069212/,FALSE,TRUE,FALSE,FALSE,FALSE,FALSE,FALSE
10-31-2015,White Pine (county),32,,Male,Injured,http://www.elynews.com/2015/11/06/white-pine-county-sheriffs-blotter-report-61/,FALSE,TRUE,FALSE,FALSE,FALSE,FALSE,FALSE
11-5-2015,Newport News,51,27,Female,Injured,http://wtkr.com/2015/11/06/newport-news-officers-car-hit-while-responding-to-reported-shooting/,FALSE,TRUE,FALSE,FALSE,FALSE,FALSE,FALSE
11-6-2015,Troy,26,4,Male,Injured,"http://www.fox2detroit.com/news/local-news/45467269-story
http://www.theoaklandpress.com/general-news/20151106/4-year-old-boy-shoots-self-in-troy-parking-lot",FALSE,TRUE,FALSE,FALSE,FALSE,FALSE,FALSE
11-1-2015,Wauneta,31,68,Male,Injured,http://imperialrepublican.com/index.php?option=com_content&view=article&id=8503:hunter-accidentally-shot-over-weekend&catid=36:news&Itemid=76,FALSE,TRUE,FALSE,FALSE,FALSE,FALSE,FALSE
11-6-2015,Houston,48,,Male,Injured,http://www.khou.com/story/news/local/2015/11/06/man-shot-as-ammunition-goes-off-during-house-fire/75279926/,FALSE,TRUE,FALSE,FALSE,FALSE,FALSE,FALSE
11-4-2015,Moyock,37,,Male,Injured,"http://wavy.com/2015/11/05/accidental-shooting-at-academi-training-center-in-moyock/
http://hamptonroads.com/2015/11/virginia-beach-officer-accidentally-shoots-another",FALSE,TRUE,FALSE,FALSE,FALSE,FALSE,FALSE
11-4-2015,Rock Hill,45,21,Male,Injured,http://www.heraldonline.com/news/local/crime/article42942546.html,FALSE,TRUE,FALSE,FALSE,FALSE,FALSE,FALSE
11-4-2015,Lafayette,18,,Male,Injured,http://wlfi.com/2015/11/04/gun-shop-employee-accidentally-shoots-himself/,FALSE,TRUE,FALSE,FALSE,FALSE,FALSE,FALSE
11-4-2015,Cypress,48,,Male,Injured,"http://www.khou.com/story/news/crime/2015/11/04/constable-cancer-patient-shoots-3-before-killing-himself/75170766/
http://www.fox7austin.com/news/texas/44501977-story
http://www.chron.com/neighborhood/cyfair-news/article/2-dead-2-injured-in-home-shooting-in-Cypress-6610911.php
http://www.khou.com/story/news/crime/2015/11/04/constable-cancer-patient-shoots-3-before-killing-himself/75170766/",FALSE,TRUE,FALSE,FALSE,FALSE,FALSE,FALSE
11-4-2015,Cypress,48,,Female,Injured,"http://www.khou.com/story/news/crime/2015/11/04/constable-cancer-patient-shoots-3-before-killing-himself/75170766/
http://www.fox7austin.com/news/texas/44501977-story
http://www.chron.com/neighborhood/cyfair-news/article/2-dead-2-injured-in-home-shooting-in-Cypress-6610911.php
http://www.khou.com/story/news/crime/2015/11/04/constable-cancer-patient-shoots-3-before-killing-himself/75170766/",FALSE,TRUE,FALSE,FALSE,FALSE,FALSE,FALSE
11-3-2015,Glendale,41,51,Male,Injured,http://www.kptv.com/story/30435993/deputies-man-shoots-self-in-leg-breaking-up-two-dogs-fighting,FALSE,TRUE,FALSE,FALSE,FALSE,FALSE,FALSE
11-4-2015,Saint Joseph,29,31,Male,Injured,http://www.stjoechannel.com/news/local-news/police-investigating-after-man-shot-in-leg,FALSE,TRUE,FALSE,FALSE,FALSE,FALSE,FALSE
11-3-2015,North Augusta,45,22,Male,Injured,"http://www.wrdw.com/home/headlines/North-Augusta-officers-investigate-shooting-at-Walmart-on-Edgefield-Road-339841102.html?device=tablet&c=y
http://www.aikenstandard.com/article/20151106/AIK0102/151109581/1008/",FALSE,TRUE,FALSE,FALSE,FALSE,FALSE,FALSE
10-31-2015,Zionville,37,13,Male,Injured,http://www.hcpress.com/news/kid-accidentally-shot-by-another-kid-on-halloween-out-of-presence-of-adult.html,FALSE,TRUE,FALSE,FALSE,FALSE,FALSE,FALSE
10-29-2015,Crosbyton,48,,Male,Injured,"http://www.kcbd.com/story/30413749/fbi-agent-was-hit-by-friendly-fire-during-extortion-case-arrest
http://www.kcbd.com/story/30475714/fbi-agent-hit-by-friendly-fire-released-from-hospital-on-monday",FALSE,TRUE,FALSE,FALSE,FALSE,FALSE,FALSE
11-2-2015,Cumberland,24,39,Male,Injured,http://www.wfmd.com/articles/wfmd-local-news-119935/man-accidentally-shoots-nephew-while-hunting-14089124,FALSE,TRUE,FALSE,FALSE,FALSE,FALSE,FALSE
10-31-2015,Salt Lake City,49,,Male,Injured,http://www.deseretnews.com/article/865640502/Victims-in-2-Salt-Lake-shootings-refuse-to-cooperate-with-police.html?pg=all,FALSE,TRUE,FALSE,FALSE,FALSE,FALSE,FALSE
10-31-2015,Garden City,16,51,Male,Injured,"http://www.nytimes.com/aponline/2015/11/02/us/ap-us-gun-show-injuries.html
http://www.ktvb.com/story/news/local/2015/11/02/bullet-hits-2-gun-show-expo-idaho/75063900/
http://www.idahostatesman.com/news/local/article42319527.html",FALSE,TRUE,FALSE,FALSE,FALSE,FALSE,FALSE
10-31-2015,Garden City,16,64,Male,Injured,"http://www.nytimes.com/aponline/2015/11/02/us/ap-us-gun-show-injuries.html
http://www.ktvb.com/story/news/local/2015/11/02/bullet-hits-2-gun-show-expo-idaho/75063900/
http://www.idahostatesman.com/news/local/article42319527.html",FALSE,TRUE,FALSE,FALSE,FALSE,FALSE,FALSE
11-1-2015,Dayton,39,15,Male,Injured,http://www.whio.com/news/news/crime-law/gunshot-victim-shows-up-at-good-sam-in-dayton/npDY4/,FALSE,TRUE,FALSE,FALSE,FALSE,FALSE,FALSE
10-27-2015,Morrison,8,,Female,Injured,"http://kdvr.com/2015/10/27/lakewood-police-agent-hit-by-ricochet-bullet-at-gun-range/
http://www.9news.com/story/news/local/2015/10/27/lakewood-officer-rooney-range-shooting/74682252/",FALSE,TRUE,FALSE,FALSE,FALSE,FALSE,FALSE
11-1-2015,Columbus,13,25,Male,Injured,http://www.ledger-enquirer.com/news/local/crime/article42202104.html,FALSE,TRUE,FALSE,FALSE,FALSE,FALSE,FALSE
11-2-2015,Lexington,21,,Male,Injured,"http://www.kentucky.com/2015/11/02/4118125_shooting-reported-as-an-assault.html?rh=1
http://www.lex18.com/story/30407352/lexington-man-taken-to-hospital-after-being-shot-in-the-leg",FALSE,TRUE,FALSE,FALSE,FALSE,FALSE,FALSE
11-1-2015,Toledo,39,,NULL,Injured,http://www.wtol.com/story/30403839/one-in-hospital-and-another-questioned-after-calls-to-police-were-made-from-house-on-pitt-street,FALSE,TRUE,FALSE,FALSE,FALSE,FALSE,FALSE
10-31-2015,Greenville,37,51,Male,Injured,http://www.witn.com/home/headlines/51-year-old-man-shot-in-Greenville-Halloween-night-339140452.html,FALSE,TRUE,FALSE,FALSE,FALSE,FALSE,FALSE
10-31-2015,Troy,50,,Male,Injured,http://www.wcax.com/story/30403853/man-injured-in-accidental-shooting-in-troy,FALSE,TRUE,FALSE,FALSE,FALSE,FALSE,FALSE
11-1-2015,Sanford,12,,Male,Injured,"http://www.fox35orlando.com/home/42741073-story
http://www.palmbeachpost.com/news/news/state-regional/man-not-charged-after-gun-goes-sanford-cracker-bar/npD7S/",FALSE,TRUE,FALSE,FALSE,FALSE,FALSE,FALSE
10-30-2015,Mesa (county),8,,Male,Injured,http://www.gjsentinel.com/news/articles/blotter-nov-1-2015,FALSE,TRUE,FALSE,FALSE,FALSE,FALSE,FALSE
10-30-2015,Staten Island,36,13,Male,Injured,http://www.silive.com/news/index.ssf/2015/10/huguenot_dad_accidentally_shoo.html,FALSE,TRUE,FALSE,FALSE,FALSE,FALSE,FALSE
10-31-2015,Memphis,47,15,Male,Injured,"http://wreg.com/2015/10/31/man-shot-in-whitehaven/
http://wreg.com/2015/11/01/police-holmes-rd-shooting-of-teen-was-accidental/",FALSE,TRUE,FALSE,FALSE,FALSE,FALSE,FALSE
10-31-2015,Clifton,8,,Male,Injured,"http://www.nbc11news.com/home/headlines/338900302.html
http://www.kjct8.com/news/headlines/MCSO-asks-for-communitys-help-in-Clifton-shooting-investigation-338899702.html",FALSE,TRUE,FALSE,FALSE,FALSE,FALSE,FALSE
10-29-2015,Arcata,6,,Male,Injured,http://kymkemp.com/2015/10/30/man-injured-in-accidental-shooting-at-college-of-the-redwoods/,FALSE,TRUE,FALSE,FALSE,FALSE,FALSE,FALSE
10-30-2015,Port Arthur,48,16,Female,Injured,http://www.panews.com/2015/10/30/man-accidently-shoots-girlfriend-in-ear/,FALSE,TRUE,FALSE,FALSE,FALSE,FALSE,FALSE
10-29-2015,Fort Myers,12,2,Male,Injured,http://www.news-press.com/story/news/2015/10/29/2-year-old-accidentally-shot-survive/74806012/,FALSE,TRUE,FALSE,FALSE,FALSE,FALSE,FALSE
10-30-2015,Phoenix,4,5,Female,Injured,http://www.kpho.com/story/30393362/pd-child-injured-by-firearm-in-phoenix?autostart=true,FALSE,TRUE,FALSE,FALSE,FALSE,FALSE,FALSE
10-29-2015,Saint Louis,29,42,Female,Injured,"http://www.kmov.com/story/30387353/large-police-presence-near-scene-of-recent-double-homicide
http://www.stltoday.com/news/local/crime-and-courts/murder-victim-s-mother-injured-when-st-louis-officer-fires/article_f227988c-3892-5d4f-8fea-6d360b61954b.html
http://www.kmov.com/story/30387353/large-police-presence-near-scene-of-recent-double-homicide",FALSE,TRUE,FALSE,FALSE,FALSE,FALSE,FALSE
10-9-2015,Wilkes Barre (Plains Township),42,,Female,Injured,"http://citizensvoice.com/news/man-waives-hearing-in-accidental-shooting-1.1963649
http://timesleader.com/news/local/491198/man-who-accidentally-shot-woman-in-the-face-headed-to-county-court",FALSE,TRUE,FALSE,FALSE,FALSE,FALSE,FALSE
10-28-2015,Palm Beach Gardens,12,,Male,Injured,"http://www.wpbf.com/news/lockdown-reported-at-palm-beach-state-college/36106680
http://news.blog.palmbeachpost.com/2015/10/29/update-man-arrested-after-accidentally-firing-rifle-in-fight-in-palm-beach-gardens/",FALSE,TRUE,FALSE,FALSE,FALSE,FALSE,FALSE
10-28-2015,Pasco (county),12,21,Male,Injured,http://www.nbcmiami.com/news/local/Man-Injured-in-Neck-After-Firing-Shotgun-in-Air-Sheriff-338302192.html,FALSE,TRUE,FALSE,FALSE,FALSE,FALSE,FALSE
10-28-2015,Cleveland,39,4,Male,Injured,http://www.cleveland.com/metro/index.ssf/2015/10/father_arrested_after_4-year-o.html#incart_river,FALSE,TRUE,FALSE,FALSE,FALSE,FALSE,FALSE
10-28-2015,San Jose,6,9,Male,Injured,http://www.insidebayarea.com/crime-courts/ci_29035522/san-jose-boy-9-shot-while-bed-after,FALSE,TRUE,FALSE,FALSE,FALSE,FALSE,FALSE
10-28-2015,North Star Township,27,63,Male,Injured,http://www.fox21online.com/news/local-news/man-injured-in-selfinflicted-accidental-shooting/36097428,FALSE,TRUE,FALSE,FALSE,FALSE,FALSE,FALSE
10-26-2015,Buffalo,36,18,Male,Injured,http://www.buffalonews.com/city-region/buffalo/buffalo-teen-in-critical-condition-after-accidental-shooting-20151027,FALSE,TRUE,FALSE,FALSE,FALSE,FALSE,FALSE
10-26-2015,Chadds Ford,42,60,Female,Injured,"http://www.delcotimes.com/article/DC/20151027/NEWS/151029673
http://6abc.com/news/2-injured-at-delaware-county-gun-range-incident/1052989/",FALSE,TRUE,FALSE,FALSE,FALSE,FALSE,FALSE
10-26-2015,Chadds Ford,42,44,Female,Injured,"http://www.delcotimes.com/article/DC/20151027/NEWS/151029673
http://6abc.com/news/2-injured-at-delaware-county-gun-range-incident/1052989/",FALSE,TRUE,FALSE,FALSE,FALSE,FALSE,FALSE
10-25-2015,Orlando,12,,NULL,Injured,http://www.mynews13.com/content/news/cfnews13/news/article.html/content/news/articles/cfn/2015/10/26/deputies_3_kids_inju.html,FALSE,TRUE,FALSE,FALSE,FALSE,FALSE,FALSE
10-25-2015,Orlando,12,,NULL,Injured,http://www.mynews13.com/content/news/cfnews13/news/article.html/content/news/articles/cfn/2015/10/26/deputies_3_kids_inju.html,FALSE,TRUE,FALSE,FALSE,FALSE,FALSE,FALSE
10-26-2015,Spring Grove,42,24,Male,Injured,http://www.ydr.com/story/news/2015/10/26/north-codorus-twp-man-shot-while-walking-yard/74664104/,FALSE,TRUE,FALSE,FALSE,FALSE,FALSE,FALSE
